{
  "Ensemble only": {
    "CV_mean": 0.9709362336207708,
    "CV_se": 0.0483572411009822,
    "F_mean": 9.338848718198145,
    "F_pred": 9.333333333333334,
    "F_se": 0.4626337764016937,
    "K": 10,
    "mu_R_ss": 10.0,
    "n_rep": 224,
    "n_sim": 4000
  },
  "Fast switching": {
    "CV_mean": 0.3837948090670617,
    "CV_se": 0.0019147843049793418,
    "F_mean": 1.4735970366936315,
    "F_pred": 1.4761904761904763,
    "F_se": 0.016217154020306976,
    "K": 10,
    "mu_R_ss": 10.0,
    "n_rep": 1000,
    "n_sim": 4000
  },
  "High expression": {
    "CV_mean": 1.2680600769434425,
    "CV_se": 0.012233469549592596,
    "F_mean": 10.040580775606278,
    "F_pred": 10.05050505050505,
    "F_se": 0.12838504276914967,
    "K": 10,
    "mu_R_ss": 6.222222222222222,
    "n_rep": 1000,
    "n_sim": 4000
  },
  "Initial (0,0)": {
    "CV_mean": 0.9671164140089712,
    "CV_se": 0.014369473104970595,
    "F_mean": 9.325977725442655,
    "F_pred": 9.333333333333334,
    "F_se": 0.15507558236113897,
    "K": 10,
    "mu_R_ss": 10.0,
    "n_rep": 1000,
    "n_sim": 4000
  },
  "Initial (1,15)": {
    "CV_mean": 0.9710388807822348,
    "CV_se": 0.010329883195389206,
    "F_mean": 9.380176570747377,
    "F_pred": 9.333333333333334,
    "F_se": 0.0769994983191526,
    "K": 10,
    "mu_R_ss": 10.0,
    "n_rep": 1000,
    "n_sim": 4000
  },
  "Low expression": {
    "CV_mean": 1.5608831521342135,
    "CV_se": 0.006101690838352743,
    "F_mean": 3.485710018695258,
    "F_pred": 3.484472049689441,
    "F_se": 0.030174119129681796,
    "K": 10,
    "mu_R_ss": 1.4285714285714286,
    "n_rep": 1000,
    "n_sim": 4000
  },
  "Numeric full": {
    "CV_mean": 0.9582514880138413,
    "CV_se": 0.02225925908568545,
    "F_mean": 9.259353050615779,
    "F_pred": 9.333333333333334,
    "F_se": 0.1833328576642276,
    "K": 10,
    "mu_R_ss": 10.0,
    "n_rep": 224,
    "n_sim": 5000
  },
  "Numeric low": {
    "CV_mean": 0.9847924098367227,
    "CV_se": 0.018559704804742515,
    "F_mean": 9.48692019158548,
    "F_pred": 9.333333333333334,
    "F_se": 0.20549148302214593,
    "K": 10,
    "mu_R_ss": 10.0,
    "n_rep": 1000,
    "n_sim": 1000
  },
  "Slow switching": {
    "CV_mean": 1.00175233647601,
    "CV_se": 0.027339811320431385,
    "F_mean": 10.06106707504723,
    "F_pred": 10.09090909090909,
    "F_se": 0.2428020542578502,
    "K": 10,
    "mu_R_ss": 10.0,
    "n_rep": 1000,
    "n_sim": 4000
  },
  "edge1_slope": {
    "rms": [
      2.117654067740932,
      1.1357853738601087,
      0.6616348503553036,
      0.3859206011112436,
      0.18827699743870913,
      0.11541204598678405,
      0.054828642147052416
    ],
    "se": 0.010390760591179044,
    "se_drop_last": 0.010497324101667703,
    "sizes": [
      10,
      32,
      100,
      316,
      1000,
      3162,
      10000
    ],
    "slope": -0.5212891717939524,
    "slope_drop_last": -0.508687074686375
  },
  "edge2_slope": {
    "n_points": 25,
    "n_trials": 40,
    "se": 0.0076933805381516765,
    "slope": -0.5048537829870614
  },
  "poisson_boundary": {
    "fano": 0.9952761528900138,
    "n_boot": 400,
    "n_rep": 100000,
    "se": 0.004315835364584198,
    "theory": 1.0
  }
}